{"cameraMode":{"drawMode":0,"name":"Shaded","section":"Shading Mode"},"sceneLighting":true,"audioPlay":false,"sceneViewState":{"showFog":true,"showMaterialUpdate":false,"showSkybox":true,"showFlares":true,"showImageEffects":true,"showParticleSystems":true},"in2DMode":false,"pivot":{"x":0.28505897521972659,"y":-0.3279080390930176,"z":-2.6576199531555177},"rotation":{"x":-0.08772691339254379,"y":0.7267965078353882,"z":-0.0945090651512146,"w":-0.6746400594711304},"size":23.308189392089845,"orthographic":false}